<?xml version="1.0" encoding="UTF-8" standalone="yes"?>
<addon id="resource.images.skinbackgrounds.xonfluenceduncanbuild" name="Skin Backgrounds Duncan Build" version="2.7" provider-name="">

	<extension point="kodi.resource.images" compile="false" type="skinbackgrounds" />
	<requires>
		<import addon="kodi.resource" version="1.0.0"/>
	</requires>
	<extension point="xbmc.addon.metadata">
		<summary lang="en">Skin Backgrounds Pack - Duncan Build</summary>
		<description lang="en">Skin Backgrounds - Duncan Build</description>
		<platform>all</platform>
	</extension>
</addon>
