<?xml version="1.0" encoding="UTF-8" standalone="yes"?>
<addon id="resource.images.skinbackgrounds.xonfluencenzbuildnzau" name="Skin Backgrounds NZ AUS" version="5.3" provider-name="">

	<extension point="kodi.resource.images" compile="false" type="skinbackgrounds" />
	<requires>
		<import addon="kodi.resource" version="1.0.0"/>
	</requires>
	<extension point="xbmc.addon.metadata">
		<summary lang="en">Skin Backgrounds Pack NZ Ausralia build</summary>
		<description lang="en">Skin Backgrounds Pack NZ Australia Build</description>
		<platform>all</platform>
	</extension>
</addon>
