<?xml version="1.0" encoding="UTF-8" standalone="yes"?>
<addon id="resource.images.skinbackgrounds.xonfluencemonsterbuild" name="Skin Backgrounds Monster Build" version="5.0" provider-name="">

	<extension point="kodi.resource.images" compile="false" type="skinbackgrounds" />
	<requires>
		<import addon="kodi.resource" version="1.0.0"/>
	</requires>
	<extension point="xbmc.addon.metadata">
		<summary lang="en">Skin Backgrounds Pack Bang Monster Build</summary>
		<description lang="en">Skin Backgrounds Pack Bang Monster Build</description>
		<platform>all</platform>
	</extension>
</addon>
